-- ELIMINA LAS TABLAS SI EXISTEN PARA EVITAR ERRORES
DROP TABLE IF EXISTS Customers;
DROP TABLE IF EXISTS Orders;
DROP TABLE IF EXISTS OrderItems;

-- CREACIÓN DE LAS TRES TABLAS
CREATE TABLE Customers (
    CustomerID INT PRIMARY KEY,
    FirstName VARCHAR(50),
    LastName VARCHAR(50),
    RegistrationDate DATE
);

CREATE TABLE Orders (
    OrderID INT PRIMARY KEY,
    CustomerID INT,
    OrderDate DATE,
    TotalAmount DECIMAL(10, 2),
    FOREIGN KEY (CustomerID) REFERENCES Customers(CustomerID)
);

CREATE TABLE OrderItems (
    OrderItemID INT PRIMARY KEY,
    OrderID INT,
    ProductName VARCHAR(100),
    Quantity INT,
    Price DECIMAL(10, 2),
    FOREIGN KEY (OrderID) REFERENCES Orders(OrderID)
);

-- VALORES DUMMIES
INSERT INTO Customers (CustomerID, FirstName, LastName, RegistrationDate)
VALUES
    (1, 'John', 'Doe', '2022-10-31'),
    (2, 'Jane', 'Smith', '2018-05-08'),
    (3, 'Michael', 'Johnson', '2019-05-02'),
    (4, 'Emily', 'Williams', '2022-01-07'),
    (5, 'David', 'Brown', '2021-08-21'),
    (6, 'Sarah', 'Jones', '2018-05-30'),
    (7, 'Daniel', 'Miller', '2021-09-12'),
    (8, 'Olivia', 'Davis', '2022-09-14'),
    (9, 'William', 'Wilson', '2018-11-21'),
    (10, 'Ava', 'Martinez', '2018-03-30'),
    (11, 'James', 'Taylor', '2020-09-22'),
    (12, 'Sophia', 'Anderson', '2021-12-02'),
    (13, 'Benjamin', 'Thomas', '2020-06-27'),
    (14, 'Isabella', 'Hernandez', '2020-05-22'),
    (15, 'Ethan', 'Lopez', '2022-04-04'),
    (16, 'Mia', 'Garcia', '2020-07-09'),
    (17, 'Alexander', 'Lee', '2019-03-17'),
    (18, 'Emma', 'Moore', '2021-06-13'),
    (19, 'Daniel', 'Jackson', '2021-10-19'),
    (20, 'Aiden', 'White', '2020-03-28'),
    (21, 'Sophie', 'Clark', '2022-08-14'),
    (22, 'Jackson', 'Adams', '2021-10-26'),
    (23, 'Avery', 'Wilson', '2018-04-09'),
    (24, 'Elijah', 'Taylor', '2021-08-14'),
    (25, 'Grace', 'Harris', '2018-05-25'),
    (26, 'Liam', 'Lewis', '2019-01-07'),
    (27, 'Chloe', 'Young', '2022-05-11'),
    (28, 'Lucas', 'Moore', '2020-06-16'),
    (29, 'Lily', 'Lee', '2018-10-01'),
    (30, 'Oliver', 'Miller', '2021-10-05'),
    (31, 'Zoe', 'Jackson', '2022-09-01'),
    (32, 'Henry', 'Brown', '2021-10-16'),
    (33, 'Aria', 'Jones', '2021-08-27'),
    (34, 'Mason', 'Garcia', '2020-06-20'),
    (35, 'Emily', 'Martinez', '2022-03-21'),
    (36, 'Sebastian', 'White', '2020-04-09'),
    (37, 'Ava', 'Lopez', '2022-01-22'),
    (38, 'Daniel', 'Smith', '2019-08-29'),
    (39, 'Scarlett', 'Davis', '2019-01-20'),
    (40, 'Ethan', 'Thomas', '2021-05-14'),
    (41, 'Mia', 'Anderson', '2021-02-04'),
    (42, 'Ethan', 'Rodriguez', '2021-10-06'),
    (43, 'Avery', 'Gonzalez', '2019-02-15'),
    (44, 'Liam', 'Hernandez', '2020-01-13'),
    (45, 'Emma', 'Wilson', '2018-05-17'),
    (46, 'Oliver', 'Miller', '2018-03-06'),
    (47, 'Isabella', 'Taylor', '2019-05-23'),
    (48, 'Noah', 'Davis', '2022-10-18'),
    (49, 'Sophia', 'Lee', '2018-07-12'),
    (50, 'Lucas', 'Martinez', '2019-01-12');


INSERT INTO Orders (OrderID, CustomerID, OrderDate, TotalAmount)
VALUES
    (1, 39, '2019-7-3', 70.00),
    (2, 48, '2022-12-30', 125.00),
    (3, 4, '2022-4-9', 18.50),
    (4, 5, '2021-12-29', 30.00),
    (5, 43, '2022-5-13', 5.00),
    (6, 41, '2021-8-14', 43.00),
    (7, 11, '2021-8-27', 2.50),
    (8, 17, '2021-12-13', 8.00),
    (9, 36, '2021-11-16', 225.00),
    (10, 5, '2022-6-14', 175.50),
    (11, 23, '2022-5-27', 150.00),
    (12, 6, '2020-5-5', 30.00),
    (13, 12, '2022-2-4', 70.00),
    (14, 8, '2022-11-19', 30.00),
    (15, 4, '2022-5-30', 8.00),
    (16, 13, '2022-5-23', 8.00),
    (17, 41, '2021-3-25', 60.00),
    (18, 19, '2022-7-1', 108.00),
    (19, 37, '2022-8-5', 45.00),
    (20, 20, '2021-10-25', 170.00),
    (21, 13, '2021-3-8', 30.00),
    (22, 31, '2022-12-12', 150.00),
    (23, 1, '2022-11-14', 12.50),
    (24, 40, '2021-9-17', 8.00),
    (25, 13, '2022-10-2', 8.00),
    (26, 11, '2021-3-9', 60.00),
    (27, 23, '2020-11-14', 108.00),
    (28, 44, '2020-4-11', 20.00),
    (29, 41, '2021-8-7', 195.00),
    (30, 39, '2022-9-16', 30.00),
    (31, 42, '2022-8-13', 150.00),
    (32, 12, '2022-8-24', 30.00),
    (33, 49, '2021-10-14', 70.00),
    (34, 27, '2022-9-28', 60.00),
    (35, 48, '2022-12-17', 16.00),
    (36, 44, '2022-9-24', 108.00),
    (37, 17, '2019-3-30', 45.00),
    (38, 24, '2022-3-15', 170.00),
    (39, 13, '2020-8-9', 30.00),
    (40, 1, '2022-11-2', 150.00),
    (41, 12, '2022-10-31', 12.50),
    (42, 13, '2020-12-25', 58.00),
    (43, 39, '2022-10-18', 10.00),
    (44, 45, '2018-11-19', 16.00),
    (45, 24, '2022-10-14', 70.00),
    (46, 48, '2022-12-28', 30.00),
    (47, 10, '2018-4-4', 150.00),
    (48, 32, '2022-11-9', 10.00),
    (49, 13, '2022-2-21', 5.00),
    (50, 36, '2021-6-26', 85.00),
    (51, 11, '2021-10-26', 160.00),
    (52, 30, '2022-2-23', 16.00),
    (53, 48, '2022-11-28', 100.00),
    (54, 36, '2022-12-30', 43.00),
    (55, 29, '2020-5-3', 86.00),
    (56, 18, '2022-12-1', 80.50),
    (57, 24, '2021-12-15', 180.00),
    (58, 22, '2022-4-4', 100.00),
    (59, 2, '2021-8-4', 195.00),
    (60, 45, '2022-1-24', 190.00),
    (61, 27, '2022-9-9', 20.00),
    (62, 13, '2022-6-7', 265.00),
    (63, 11, '2022-10-25', 180.00),
    (64, 3, '2020-6-18', 15.00),
    (65, 48, '2022-10-26', 85.00),
    (66, 15, '2022-4-7', 195.00),
    (67, 1, '2022-11-19', 190.00),
    (68, 2, '2022-11-13', 120.00),
    (69, 29, '2020-3-20', 165.00),
    (70, 15, '2022-5-18', 85.00),
    (71, 32, '2022-9-6', 195.00),
    (72, 19, '2022-2-16', 180.00),
    (73, 17, '2020-6-27', 30.00),
    (74, 33, '2022-2-14', 265.00),
    (75, 14, '2022-4-6', 190.00),
    (76, 33, '2021-11-19', 90.00),
    (77, 25, '2018-9-30', 195.00),
    (78, 48, '2022-10-27', 190.00),
    (79, 40, '2021-9-6', 20.00),
    (80, 44, '2020-8-4', 265.00),
    (81, 36, '2022-7-18', 190.00),
    (82, 27, '2022-8-20', 90.00),
    (83, 26, '2021-10-28', 195.00),
    (84, 22, '2022-4-7', 180.00),
    (85, 1, '2022-11-8', 30.00),
    (86, 41, '2022-6-27', 265.00),
    (87, 5, '2022-11-9', 190.00),
    (88, 45, '2022-7-15', 90.00),
    (89, 34, '2022-11-11', 195.00),
    (90, 12, '2022-6-9', 180.00),
    (91, 22, '2022-5-22', 30.00),
    (92, 9, '2019-9-9', 265.00),
    (93, 44, '2022-2-5', 190.00),
    (94, 20, '2020-11-28', 90.00),
    (95, 43, '2021-10-19', 195.00),
    (96, 9, '2020-6-10', 180.00),
    (97, 46, '2021-3-19', 30.00),
    (98, 49, '2021-4-21', 265.00),
    (99, 26, '2021-5-5', 190.00),
    (100, 40, '2021-8-21', 90.00),
    (101, 47, '2021-5-9', 233.00),
    (102, 2, '2022-8-24', 210.00),
    (103, 6, '2022-4-24', 115.00),
    (104, 9, '2020-11-21', 365.00),
    (105, 31, '2022-12-11', 180.00),
    (106, 18, '2022-8-18', 20.50),
    (107, 41, '2021-12-12', 70.00),
    (108, 30, '2022-12-9', 88.00),
    (109, 38, '2020-7-21', 10.00),
    (110, 49, '2020-5-25', 86.00),
    (111, 5, '2022-7-10', 30.00),
    (112, 27, '2022-10-22', 160.00),
    (113, 43, '2020-1-17', 90.00),
    (114, 17, '2020-10-14', 195.00),
    (115, 12, '2022-9-25', 180.00),
    (116, 43, '2021-3-2', 10.00),
    (117, 13, '2022-4-30', 80.50),
    (118, 21, '2022-9-16', 38.00),
    (119, 11, '2021-5-3', 60.00),
    (120, 40, '2022-8-28', 86.00),
    (121, 48, '2022-10-22', 180.00),
    (122, 5, '2021-11-5', 15.00),
    (123, 15, '2022-11-30', 85.00),
    (124, 15, '2022-8-1', 25.00),
    (125, 19, '2022-8-31', 170.00),
    (126, 47, '2021-6-3', 38.00),
    (127, 13, '2022-6-26', 25.00),
    (128, 42, '2022-11-6', 16.00),
    (129, 9, '2020-8-1', 70.00),
    (130, 33, '2022-12-14', 180.00),
    (131, 26, '2021-11-10', 20.50),
    (132, 19, '2022-12-31', 70.00),
    (133, 6, '2021-7-12', 88.00),
    (134, 12, '2022-9-22', 18.00),
    (135, 28, '2020-8-27', 78.00),
    (136, 31, '2022-11-20', 180.00),
    (137, 10, '2020-9-14', 15.00),
    (138, 20, '2020-4-26', 85.00),
    (139, 29, '2019-8-18', 25.00),
    (140, 40, '2022-10-13', 170.00),
    (141, 44, '2022-9-23', 180.00),
    (142, 38, '2022-7-23', 10.00),
    (143, 20, '2021-3-10', 80.50),
    (144, 41, '2021-10-28', 38.00),
    (145, 6, '2022-2-9', 60.00),
    (146, 48, '2022-11-13', 86.00),
    (147, 17, '2021-7-17', 30.00),
    (148, 42, '2022-8-21', 160.00),
    (149, 8, '2022-11-5', 90.00),
    (150, 37, '2022-8-9', 25.00),
    (151, 27, '2022-12-4', 170.00),
    (152, 22, '2022-3-1', 180.00),
    (153, 39, '2019-6-8', 10.00),
    (154, 33, '2022-3-7', 80.50),
    (155, 40, '2021-9-3', 38.00),
    (156, 2, '2019-2-20', 50.00),
    (157, 22, '2022-9-6', 10.00),
    (158, 49, '2020-9-30', 8.00),
    (159, 12, '2022-11-3', 8.00),
    (160, 28, '2022-1-20', 70.00),
    (161, 25, '2021-3-17', 30.00),
    (162, 4, '2022-5-29', 150.00),
    (163, 13, '2021-11-6', 10.00),
    (164, 13, '2022-10-26', 5.00),
    (165, 32, '2021-11-29', 15.00),
    (166, 45, '2022-6-15', 70.00),
    (167, 3, '2020-6-8', 25.00),
    (168, 43, '2022-5-20', 170.00),
    (169, 25, '2022-10-9', 30.00),
    (170, 47, '2019-7-27', 150.00),
    (171, 5, '2022-9-30', 10.00),
    (172, 26, '2019-1-20', 80.50),
    (173, 23, '2020-6-27', 38.00),
    (174, 27, '2022-5-28', 60.00),
    (175, 19, '2021-11-8', 86.00),
    (176, 11, '2021-4-23', 180.00),
    (177, 26, '2021-8-23', 10.00),
    (178, 2, '2022-9-29', 5.00),
    (179, 33, '2022-12-27', 15.00),
    (180, 41, '2021-9-16', 70.00),
    (181, 33, '2022-1-4', 25.00),
    (182, 47, '2021-11-6', 170.00),
    (183, 18, '2022-8-27', 180.00),
    (184, 14, '2021-12-2', 10.00),
    (185, 38, '2020-1-23', 10.50),
    (186, 6, '2022-12-4', 70.00),
    (187, 29, '2018-12-29', 30.00),
    (188, 5, '2022-4-22', 150.00),
    (189, 12, '2021-12-15', 10.00),
    (190, 3, '2020-7-1', 5.00),
    (191, 22, '2022-10-16', 15.00),
    (192, 4, '2022-12-12', 70.00),
    (193, 9, '2022-6-25', 25.00),
    (194, 2, '2021-8-23', 170.00),
    (195, 19, '2022-6-12', 180.00),
    (196, 5, '2022-10-9', 10.00),
    (197, 37, '2022-5-14', 80.50),
    (198, 48, '2022-11-17', 38.00),
    (199, 46, '2018-9-25', 60.00),
    (200, 42, '2022-1-10', 86.00),
    (201, 29, '2020-3-4', 180.00),
    (202, 15, '2022-4-4', 10.00),
    (203, 33, '2022-11-2', 5.00),
    (204, 11, '2022-3-20', 15.00),
    (205, 3, '2022-11-14', 70.00),
    (206, 30, '2022-1-2', 25.00),
    (207, 45, '2019-1-24', 170.00),
    (208, 20, '2021-9-10', 180.00),
    (209, 16, '2021-1-15', 10.00),
    (210, 32, '2022-10-29', 10.50),
    (211, 29, '2018-12-23', 70.00),
    (212, 27, '2022-6-11', 38.00),
    (213, 18, '2022-7-25', 60.00),
    (214, 48, '2022-10-25', 86.00),
    (215, 18, '2022-2-7', 180.00),
    (216, 36, '2022-8-1', 10.00),
    (217, 14, '2020-8-8', 5.00),
    (218, 39, '2020-4-28', 15.00),
    (219, 46, '2019-5-14', 250.00),
    (220, 39, '2020-4-28', 10.00),
    (221, 48, '2022-11-6', 2.50),
    (222, 18, '2022-7-2', 78.00),
    (223, 50, '2019-9-9', 180.00),
    (224, 21, '2022-9-15', 10.00),
    (225, 47, '2020-8-30', 20.00),
    (226, 49, '2019-1-26', 95.00),
    (227, 5, '2022-12-18', 170.00),
    (228, 41, '2021-4-21', 180.00),
    (229, 7, '2021-12-21', 10.00),
    (230, 44, '2021-6-27', 80.50),
    (231, 19, '2022-3-29', 180.00),
    (232, 27, '2022-8-28', 15.00),
    (233, 45, '2018-10-10', 85.00),
    (234, 43, '2020-2-29', 195.00),
    (235, 40, '2021-7-31', 30.00),
    (236, 24, '2022-2-21', 165.00),
    (237, 39, '2022-2-24', 85.00),
    (238, 37, '2022-10-27', 195.00),
    (239, 15, '2022-5-17', 30.00),
    (240, 31, '2022-10-11', 160.00),
    (241, 21, '2022-10-15', 20.00),
    (242, 3, '2021-2-13', 70.00),
    (243, 36, '2022-8-18', 195.00),
    (244, 36, '2021-10-19', 180.00),
    (245, 8, '2022-10-14', 20.50),
    (246, 37, '2022-10-25', 70.00),
    (247, 11, '2021-1-14', 180.00),
    (248, 6, '2022-8-14', 15.00),
    (249, 30, '2022-12-8', 85.00),
    (250, 41, '2021-4-27', 195.00);



INSERT INTO OrderItems (OrderItemID, OrderID, ProductName, Quantity, Price)
VALUES
    (1, 1, 'Battery', 1, 70.00),
    (2, 2, 'Tire Set', 2, 50.00),
    (3, 2, 'Brake Pads', 1, 25.00),
    (4, 3, 'Engine Coolant', 1, 8.00),
    (5, 3, 'Air Filter', 1, 8.00),
    (6, 3, 'Spark Plugs', 1, 2.50),
    (7, 4, 'Brake Rotors', 1, 30.00),
    (8, 5, 'Oil Filter', 1, 5.00),
    (9, 6, 'Motor Oil', 2, 10.00),
    (10, 6, 'Transmission Fluid', 1, 15.00),
    (11, 6, 'Engine Coolant', 1, 8.00),
    (12, 7, 'Spark Plugs', 1, 2.50),
    (13, 8, 'Air Filter', 1, 8.00),
    (14, 9, 'Brake Pads', 1, 25.00),
    (15, 9, 'Tire Set', 4, 50.00),
    (16, 10, 'Battery', 2, 70.00),
    (17, 10, 'Brake Pads', 1, 25.00),
    (18, 10, 'Air Filter', 1, 8.00),
    (19, 10, 'Spark Plugs', 1, 2.50),
    (20, 11, 'Exhaust System', 1, 150.00),
    (21, 12, 'Motor Oil', 1, 10.00),
    (22, 12, 'Oil Filter', 1, 5.00),
    (23, 12, 'Transmission Fluid', 1, 15.00),
    (24, 13, 'Battery', 1, 70.00),
    (25, 14, 'Brake Rotors', 1, 30.00),
    (26, 15, 'Engine Coolant', 1, 8.00),
    (27, 16, 'Air Filter', 1, 8.00),
    (28, 17, 'Brake Pads', 2, 25.00),
    (29, 17, 'Motor Oil', 1, 10.00),
    (30, 18, 'Battery', 1, 70.00),
    (31, 18, 'Brake Rotors', 1, 30.00),
    (32, 18, 'Air Filter', 1, 8.00),
    (33, 19, 'Transmission Fluid', 1, 15.00),
    (34, 19, 'Oil Filter', 1, 5.00),
    (35, 19, 'Brake Pads', 1, 25.00),
    (36, 20, 'Tire Set', 2, 50.00),
    (37, 20, 'Battery', 1, 70.00),
    (38, 21, 'Brake Rotors', 1, 30.00),
    (39, 22, 'Exhaust System', 1, 150.00),
    (40, 23, 'Motor Oil', 1, 10.00),
    (41, 23, 'Spark Plugs', 1, 2.50),
    (42, 24, 'Engine Coolant', 1, 8.00),
    (43, 25, 'Air Filter', 1, 8.00),
    (44, 26, 'Brake Pads', 2, 25.00),
    (45, 26, 'Motor Oil', 1, 10.00),
    (46, 27, 'Battery', 1, 70.00),
    (47, 27, 'Brake Rotors', 1, 30.00),
    (48, 27, 'Air Filter', 1, 8.00),
    (49, 28, 'Transmission Fluid', 1, 15.00),
    (50, 28, 'Oil Filter', 1, 5.00),
    (51, 29, 'Brake Pads', 1, 25.00),
    (52, 29, 'Tire Set', 2, 50.00),
    (53, 29, 'Battery', 1, 70.00),
    (54, 30, 'Brake Rotors', 1, 30.00),
    (55, 31, 'Exhaust System', 1, 150.00),
    (56, 32, 'Motor Oil', 1, 10.00),
    (57, 32, 'Oil Filter', 1, 5.00),
    (58, 32, 'Transmission Fluid', 1, 15.00),
    (59, 33, 'Battery', 1, 70.00),
    (60, 34, 'Brake Pads', 2, 25.00),
    (61, 34, 'Motor Oil', 1, 10.00),
    (62, 35, 'Engine Coolant', 1, 8.00),
    (63, 35, 'Air Filter', 1, 8.00),
    (64, 36, 'Brake Rotors', 1, 30.00),
    (65, 36, 'Battery', 1, 70.00),
    (66, 36, 'Air Filter', 1, 8.00),
    (67, 37, 'Transmission Fluid', 1, 15.00),
    (68, 37, 'Oil Filter', 1, 5.00),
    (69, 37, 'Brake Pads', 1, 25.00),
    (70, 38, 'Tire Set', 2, 50.00),
    (71, 38, 'Battery', 1, 70.00),
    (72, 39, 'Brake Rotors', 1, 30.00),
    (73, 40, 'Exhaust System', 1, 150.00),
    (74, 41, 'Motor Oil', 1, 10.00),
    (75, 41, 'Spark Plugs', 1, 2.50),
    (76, 42, 'Air Filter', 1, 8.00),
    (77, 42, 'Brake Pads', 2, 25.00),
    (78, 43, 'Motor Oil', 1, 10.00),
    (79, 44, 'Engine Coolant', 1, 8.00),
    (80, 44, 'Air Filter', 1, 8.00),
    (81, 45, 'Battery', 1, 70.00),
    (82, 46, 'Brake Rotors', 1, 30.00),
    (83, 47, 'Exhaust System', 1, 150.00),
    (84, 48, 'Motor Oil', 1, 10.00),
    (85, 49, 'Oil Filter', 1, 5.00),
    (86, 50, 'Transmission Fluid', 1, 15.00),
    (87, 50, 'Battery', 1, 70.00),
    (88, 51, 'Brake Pads', 2, 25.00),
    (89, 51, 'Tire Set', 2, 50.00),
    (90, 51, 'Motor Oil', 1, 10.00),
    (91, 52, 'Engine Coolant', 1, 8.00),
    (92, 52, 'Air Filter', 1, 8.00),
    (93, 53, 'Brake Rotors', 1, 30.00),
    (94, 53, 'Battery', 1, 70.00),
    (95, 54, 'Air Filter', 1, 8.00),
    (96, 54, 'Brake Pads', 1, 25.00),
    (97, 54, 'Motor Oil', 1, 10.00),
    (98, 55, 'Engine Coolant', 1, 8.00),
    (99, 55, 'Air Filter', 1, 8.00),
    (100, 55, 'Battery', 1, 70.00),
    (101, 101, 'Brake Rotors', 1, 30.00),
    (102, 101, 'Air Filter', 1, 8.00),
    (103, 102, 'Transmission Fluid', 1, 15.00),
    (104, 102, 'Oil Filter', 1, 5.00),
    (105, 103, 'Brake Pads', 1, 25.00),
    (106, 104, 'Tire Set', 2, 50.00),
    (107, 104, 'Battery', 1, 70.00),
    (108, 105, 'Brake Rotors', 1, 30.00),
    (109, 105, 'Exhaust System', 1, 150.00),
    (110, 106, 'Motor Oil', 1, 10.00),
    (111, 106, 'Spark Plugs', 1, 2.50),
    (112, 106, 'Air Filter', 1, 8.00),
    (113, 107, 'Battery', 1, 70.00),
    (114, 108, 'Brake Rotors', 1, 30.00),
    (115, 108, 'Air Filter', 1, 8.00),
    (116, 108, 'Brake Pads', 2, 25.00),
    (117, 109, 'Motor Oil', 1, 10.00),
    (118, 110, 'Engine Coolant', 1, 8.00),
    (119, 110, 'Air Filter', 1, 8.00),
    (120, 110, 'Battery', 1, 70.00),
    (121, 111, 'Brake Rotors', 1, 30.00),
    (122, 112, 'Exhaust System', 1, 150.00),
    (123, 112, 'Motor Oil', 1, 10.00),
    (124, 113, 'Oil Filter', 1, 5.00),
    (125, 113, 'Transmission Fluid', 1, 15.00),
    (126, 113, 'Battery', 1, 70.00),
    (127, 114, 'Brake Pads', 1, 25.00),
    (128, 114, 'Tire Set', 2, 50.00),
    (129, 114, 'Battery', 1, 70.00),
    (130, 115, 'Brake Rotors', 1, 30.00),
    (131, 115, 'Exhaust System', 1, 150.00),
    (132, 116, 'Motor Oil', 1, 10.00),
    (133, 117, 'Spark Plugs', 1, 2.50),
    (134, 117, 'Air Filter', 1, 8.00),
    (135, 117, 'Battery', 1, 70.00),
    (136, 118, 'Brake Rotors', 1, 30.00),
    (137, 118, 'Air Filter', 1, 8.00),
    (138, 119, 'Brake Pads', 2, 25.00),
    (139, 119, 'Motor Oil', 1, 10.00),
    (140, 120, 'Engine Coolant', 1, 8.00),
    (141, 120, 'Air Filter', 1, 8.00),
    (142, 120, 'Battery', 1, 70.00),
    (143, 121, 'Brake Rotors', 1, 30.00),
    (144, 121, 'Exhaust System', 1, 150.00),
    (145, 122, 'Motor Oil', 1, 10.00),
    (146, 122, 'Oil Filter', 1, 5.00),
    (147, 123, 'Transmission Fluid', 1, 15.00),
    (148, 123, 'Battery', 1, 70.00),
    (149, 124, 'Brake Pads', 1, 25.00),
    (150, 125, 'Tire Set', 2, 50.00),
    (151, 125, 'Battery', 1, 70.00),
    (152, 126, 'Brake Rotors', 1, 30.00),
    (153, 126, 'Air Filter', 1, 8.00),
    (154, 127, 'Brake Pads', 1, 25.00),
    (155, 128, 'Engine Coolant', 1, 8.00),
    (156, 128, 'Air Filter', 1, 8.00),
    (157, 129, 'Battery', 1, 70.00),
    (158, 130, 'Brake Rotors', 1, 30.00),
    (159, 130, 'Exhaust System', 1, 150.00),
    (160, 131, 'Motor Oil', 1, 10.00),
    (161, 131, 'Spark Plugs', 1, 2.50),
    (162, 131, 'Air Filter', 1, 8.00),
    (163, 132, 'Battery', 1, 70.00),
    (164, 133, 'Brake Rotors', 1, 30.00),
    (165, 133, 'Air Filter', 1, 8.00),
    (166, 133, 'Brake Pads', 2, 25.00),
    (167, 134, 'Motor Oil', 1, 10.00),
    (168, 134, 'Engine Coolant', 1, 8.00),
    (169, 135, 'Air Filter', 1, 8.00),
    (170, 135, 'Battery', 1, 70.00),
    (171, 136, 'Brake Rotors', 1, 30.00),
    (172, 136, 'Exhaust System', 1, 150.00),
    (173, 137, 'Motor Oil', 1, 10.00),
    (174, 137, 'Oil Filter', 1, 5.00),
    (175, 138, 'Transmission Fluid', 1, 15.00),
    (176, 138, 'Battery', 1, 70.00),
    (177, 139, 'Brake Pads', 1, 25.00),
    (178, 140, 'Tire Set', 2, 50.00),
    (179, 140, 'Battery', 1, 70.00),
    (180, 141, 'Brake Rotors', 1, 30.00),
    (181, 141, 'Exhaust System', 1, 150.00),
    (182, 142, 'Motor Oil', 1, 10.00),
    (183, 143, 'Spark Plugs', 1, 2.50),
    (184, 143, 'Air Filter', 1, 8.00),
    (185, 143, 'Battery', 1, 70.00),
    (186, 144, 'Brake Rotors', 1, 30.00),
    (187, 144, 'Air Filter', 1, 8.00),
    (188, 145, 'Brake Pads', 2, 25.00),
    (189, 145, 'Motor Oil', 1, 10.00),
    (190, 146, 'Engine Coolant', 1, 8.00),
    (191, 146, 'Air Filter', 1, 8.00),
    (192, 146, 'Battery', 1, 70.00),
    (193, 147, 'Brake Rotors', 1, 30.00),
    (194, 148, 'Exhaust System', 1, 150.00),
    (195, 148, 'Motor Oil', 1, 10.00),
    (196, 149, 'Oil Filter', 1, 5.00),
    (197, 149, 'Transmission Fluid', 1, 15.00),
    (198, 149, 'Battery', 1, 70.00),
    (199, 150, 'Brake Pads', 1, 25.00),
    (200, 151, 'Tire Set', 2, 50.00),
    (201, 151, 'Battery', 1, 70.00),
    (202, 152, 'Brake Rotors', 1, 30.00),
    (203, 152, 'Exhaust System', 1, 150.00),
    (204, 153, 'Motor Oil', 1, 10.00),
    (205, 154, 'Spark Plugs', 1, 2.50),
    (206, 154, 'Air Filter', 1, 8.00),
    (207, 154, 'Battery', 1, 70.00),
    (208, 155, 'Brake Rotors', 1, 30.00),
    (209, 155, 'Air Filter', 1, 8.00),
    (210, 156, 'Brake Pads', 2, 25.00),
    (211, 157, 'Motor Oil', 1, 10.00),
    (212, 158, 'Engine Coolant', 1, 8.00),
    (213, 159, 'Air Filter', 1, 8.00),
    (214, 160, 'Battery', 1, 70.00),
    (215, 161, 'Brake Rotors', 1, 30.00),
    (216, 162, 'Exhaust System', 1, 150.00),
    (217, 163, 'Motor Oil', 1, 10.00),
    (218, 164, 'Oil Filter', 1, 5.00),
    (219, 165, 'Transmission Fluid', 1, 15.00),
    (220, 166, 'Battery', 1, 70.00),
    (221, 167, 'Brake Pads', 1, 25.00),
    (222, 168, 'Tire Set', 2, 50.00),
    (223, 168, 'Battery', 1, 70.00),
    (224, 169, 'Brake Rotors', 1, 30.00),
    (225, 170, 'Exhaust System', 1, 150.00),
    (226, 171, 'Motor Oil', 1, 10.00),
    (227, 172, 'Spark Plugs', 1, 2.50),
    (228, 172, 'Air Filter', 1, 8.00),
    (229, 172, 'Battery', 1, 70.00),
    (230, 173, 'Brake Rotors', 1, 30.00),
    (231, 173, 'Air Filter', 1, 8.00),
    (232, 174, 'Brake Pads', 2, 25.00),
    (233, 174, 'Motor Oil', 1, 10.00),
    (234, 175, 'Engine Coolant', 1, 8.00),
    (235, 175, 'Air Filter', 1, 8.00),
    (236, 175, 'Battery', 1, 70.00),
    (237, 176, 'Brake Rotors', 1, 30.00),
    (238, 176, 'Exhaust System', 1, 150.00),
    (239, 177, 'Motor Oil', 1, 10.00),
    (240, 178, 'Oil Filter', 1, 5.00),
    (241, 179, 'Transmission Fluid', 1, 15.00),
    (242, 180, 'Battery', 1, 70.00),
    (243, 181, 'Brake Pads', 1, 25.00),
    (244, 182, 'Tire Set', 2, 50.00),
    (245, 182, 'Battery', 1, 70.00),
    (246, 183, 'Brake Rotors', 1, 30.00),
    (247, 183, 'Exhaust System', 1, 150.00),
    (248, 184, 'Motor Oil', 1, 10.00),
    (249, 185, 'Spark Plugs', 1, 2.50),
    (250, 185, 'Air Filter', 1, 8.00),
    (251, 186, 'Battery', 1, 70.00),
    (252, 187, 'Brake Rotors', 1, 30.00),
    (253, 188, 'Exhaust System', 1, 150.00),
    (254, 189, 'Motor Oil', 1, 10.00),
    (255, 190, 'Oil Filter', 1, 5.00),
    (256, 191, 'Transmission Fluid', 1, 15.00),
    (257, 192, 'Battery', 1, 70.00),
    (258, 193, 'Brake Pads', 1, 25.00),
    (259, 194, 'Tire Set', 2, 50.00),
    (260, 194, 'Battery', 1, 70.00),
    (261, 195, 'Brake Rotors', 1, 30.00),
    (262, 195, 'Exhaust System', 1, 150.00),
    (263, 196, 'Motor Oil', 1, 10.00),
    (264, 197, 'Spark Plugs', 1, 2.50),
    (265, 197, 'Air Filter', 1, 8.00),
    (266, 197, 'Battery', 1, 70.00),
    (267, 198, 'Brake Rotors', 1, 30.00),
    (268, 198, 'Air Filter', 1, 8.00),
    (269, 199, 'Brake Pads', 2, 25.00),
    (270, 199, 'Motor Oil', 1, 10.00),
    (271, 200, 'Engine Coolant', 1, 8.00),
    (272, 200, 'Air Filter', 1, 8.00),
    (273, 200, 'Battery', 1, 70.00),
    (274, 201, 'Brake Rotors', 1, 30.00),
    (275, 201, 'Exhaust System', 1, 150.00),
    (276, 202, 'Motor Oil', 1, 10.00),
    (277, 203, 'Oil Filter', 1, 5.00),
    (278, 204, 'Transmission Fluid', 1, 15.00),
    (279, 205, 'Battery', 1, 70.00),
    (280, 206, 'Brake Pads', 1, 25.00),
    (281, 207, 'Tire Set', 2, 50.00),
    (282, 207, 'Battery', 1, 70.00),
    (283, 208, 'Brake Rotors', 1, 30.00),
    (284, 208, 'Exhaust System', 1, 150.00),
    (285, 209, 'Motor Oil', 1, 10.00),
    (286, 210, 'Spark Plugs', 1, 2.50),
    (287, 210, 'Air Filter', 1, 8.00),
    (288, 211, 'Battery', 1, 70.00),
    (289, 212, 'Brake Rotors', 1, 30.00),
    (290, 212, 'Air Filter', 1, 8.00),
    (291, 213, 'Brake Pads', 2, 25.00),
    (292, 213, 'Motor Oil', 1, 10.00),
    (293, 214, 'Engine Coolant', 1, 8.00),
    (294, 214, 'Air Filter', 1, 8.00),
    (295, 214, 'Battery', 1, 70.00),
    (296, 215, 'Brake Rotors', 1, 30.00),
    (297, 215, 'Exhaust System', 1, 150.00),
    (298, 216, 'Motor Oil', 1, 10.00),
    (299, 217, 'Oil Filter', 1, 5.00),
    (300, 218, 'Transmission Fluid', 1, 15.00),
    (301, 219, 'Battery', 1, 70.00),
    (302, 219, 'Brake Rotors', 1, 30.00),
    (303, 219, 'Exhaust System', 1, 150.00),
    (304, 220, 'Motor Oil', 1, 10.00),
    (305, 221, 'Spark Plugs', 1, 2.50),
    (306, 222, 'Air Filter', 1, 8.00),
    (307, 222, 'Battery', 1, 70.00),
    (308, 223, 'Brake Rotors', 1, 30.00),
    (309, 223, 'Exhaust System', 1, 150.00),
    (310, 224, 'Motor Oil', 1, 10.00),
    (311, 225, 'Oil Filter', 1, 5.00),
    (312, 225, 'Transmission Fluid', 1, 15.00),
    (313, 226, 'Battery', 1, 70.00),
    (314, 226, 'Brake Pads', 1, 25.00),
    (315, 227, 'Tire Set', 2, 50.00),
    (316, 227, 'Battery', 1, 70.00),
    (317, 228, 'Brake Rotors', 1, 30.00),
    (318, 228, 'Exhaust System', 1, 150.00),
    (319, 229, 'Motor Oil', 1, 10.00),
    (320, 230, 'Spark Plugs', 1, 2.50),
    (321, 230, 'Air Filter', 1, 8.00),
    (322, 230, 'Battery', 1, 70.00),
    (323, 231, 'Brake Rotors', 1, 30.00),
    (324, 231, 'Exhaust System', 1, 150.00),
    (325, 232, 'Motor Oil', 1, 10.00),
    (326, 232, 'Oil Filter', 1, 5.00),
    (327, 233, 'Transmission Fluid', 1, 15.00),
    (328, 233, 'Battery', 1, 70.00),
    (329, 234, 'Brake Pads', 1, 25.00),
    (330, 234, 'Tire Set', 2, 50.00),
    (331, 234, 'Battery', 1, 70.00),
    (332, 235, 'Brake Rotors', 1, 30.00),
    (333, 236, 'Exhaust System', 1, 150.00),
    (334, 236, 'Motor Oil', 1, 10.00),
    (335, 236, 'Oil Filter', 1, 5.00),
    (336, 237, 'Transmission Fluid', 1, 15.00),
    (337, 237, 'Battery', 1, 70.00),
    (338, 238, 'Brake Pads', 1, 25.00),
    (339, 238, 'Tire Set', 2, 50.00),
    (340, 238, 'Battery', 1, 70.00),
    (341, 239, 'Brake Rotors', 1, 30.00),
    (342, 240, 'Exhaust System', 1, 150.00),
    (343, 240, 'Motor Oil', 1, 10.00),
    (344, 241, 'Oil Filter', 1, 5.00),
    (345, 241, 'Transmission Fluid', 1, 15.00),
    (346, 242, 'Battery', 1, 70.00),
    (347, 243, 'Brake Pads', 1, 25.00),
    (348, 243, 'Tire Set', 2, 50.00),
    (349, 243, 'Battery', 1, 70.00),
    (350, 244, 'Brake Rotors', 1, 30.00),
    (351, 244, 'Exhaust System', 1, 150.00),
    (352, 245, 'Motor Oil', 1, 10.00),
    (353, 245, 'Spark Plugs', 1, 2.50),
    (354, 245, 'Air Filter', 1, 8.00),
    (355, 246, 'Battery', 1, 70.00),
    (356, 247, 'Brake Rotors', 1, 30.00),
    (357, 247, 'Exhaust System', 1, 150.00),
    (358, 248, 'Motor Oil', 1, 10.00),
    (359, 248, 'Oil Filter', 1, 5.00),
    (360, 249, 'Transmission Fluid', 1, 15.00),
    (361, 249, 'Battery', 1, 70.00),
    (362, 250, 'Brake Pads', 1, 25.00),
    (363, 250, 'Tire Set', 2, 50.00),
    (364, 250, 'Battery', 1, 70.00),
    (365, 56, 'Spark Plugs', 1, 2.50),
    (366, 56, 'Air Filter', 1, 8.00),
    (367, 56, 'Battery', 1, 70.00),
    (368, 57, 'Brake Rotors', 1, 30.00),
    (369, 57, 'Exhaust System', 1, 150.00),
    (370, 58, 'Motor Oil', 1, 10.00),
    (371, 58, 'Oil Filter', 1, 5.00),
    (372, 58, 'Transmission Fluid', 1, 15.00),
    (373, 58, 'Battery', 1, 70.00),
    (374, 59, 'Brake Pads', 1, 25.00),
    (375, 59, 'Tire Set', 2, 50.00),
    (376, 59, 'Battery', 1, 70.00),
    (377, 60, 'Brake Rotors', 1, 30.00),
    (378, 60, 'Exhaust System', 1, 150.00),
    (379, 60, 'Motor Oil', 1, 10.00),
    (380, 61, 'Oil Filter', 1, 5.00),
    (381, 61, 'Transmission Fluid', 1, 15.00),
    (382, 62, 'Battery', 1, 70.00),
    (383, 62, 'Brake Pads', 1, 25.00),
    (384, 62, 'Tire Set', 2, 50.00),
    (385, 62, 'Battery', 1, 70.00),
    (386, 63, 'Brake Rotors', 1, 30.00),
    (387, 63, 'Exhaust System', 1, 150.00),
    (388, 64, 'Motor Oil', 1, 10.00),
    (389, 64, 'Oil Filter', 1, 5.00),
    (390, 65, 'Transmission Fluid', 1, 15.00),
    (391, 65, 'Battery', 1, 70.00),
    (392, 66, 'Brake Pads', 1, 25.00),
    (393, 66, 'Tire Set', 2, 50.00),
    (394, 66, 'Battery', 1, 70.00),
    (395, 67, 'Brake Rotors', 1, 30.00),
    (396, 67, 'Exhaust System', 1, 150.00),
    (397, 67, 'Motor Oil', 1, 10.00),
    (398, 68, 'Oil Filter', 1, 5.00),
    (399, 68, 'Transmission Fluid', 1, 15.00),
    (400, 68, 'Battery', 1, 70.00),
    (401, 68, 'Brake Rotors', 1, 30.00),
    (402, 69, 'Exhaust System', 1, 150.00),
    (403, 69, 'Motor Oil', 1, 10.00),
    (404, 69, 'Oil Filter', 1, 5.00),
    (405, 70, 'Transmission Fluid', 1, 15.00),
    (406, 70, 'Battery', 1, 70.00),
    (407, 71, 'Brake Pads', 1, 25.00),
    (408, 71, 'Tire Set', 2, 50.00),
    (409, 71, 'Battery', 1, 70.00),
    (410, 72, 'Brake Rotors', 1, 30.00),
    (411, 72, 'Exhaust System', 1, 150.00),
    (412, 73, 'Motor Oil', 1, 10.00),
    (413, 73, 'Oil Filter', 1, 5.00),
    (414, 73, 'Transmission Fluid', 1, 15.00),
    (415, 74, 'Battery', 1, 70.00),
    (416, 74, 'Brake Pads', 1, 25.00),
    (417, 74, 'Tire Set', 2, 50.00),
    (418, 74, 'Battery', 1, 70.00),
    (419, 75, 'Brake Rotors', 1, 30.00),
    (420, 75, 'Exhaust System', 1, 150.00),
    (421, 75, 'Motor Oil', 1, 10.00),
    (422, 76, 'Oil Filter', 1, 5.00),
    (423, 76, 'Transmission Fluid', 1, 15.00),
    (424, 76, 'Battery', 1, 70.00),
    (425, 77, 'Brake Pads', 1, 25.00),
    (426, 77, 'Tire Set', 2, 50.00),
    (427, 77, 'Battery', 1, 70.00),
    (428, 78, 'Brake Rotors', 1, 30.00),
    (429, 78, 'Exhaust System', 1, 150.00),
    (430, 78, 'Motor Oil', 1, 10.00),
    (431, 79, 'Oil Filter', 1, 5.00),
    (432, 79, 'Transmission Fluid', 1, 15.00),
    (433, 80, 'Battery', 1, 70.00),
    (434, 80, 'Brake Pads', 1, 25.00),
    (435, 80, 'Tire Set', 2, 50.00),
    (436, 80, 'Battery', 1, 70.00),
    (437, 81, 'Brake Rotors', 1, 30.00),
    (438, 81, 'Exhaust System', 1, 150.00),
    (439, 81, 'Motor Oil', 1, 10.00),
    (440, 82, 'Oil Filter', 1, 5.00),
    (441, 82, 'Transmission Fluid', 1, 15.00),
    (442, 82, 'Battery', 1, 70.00),
    (443, 83, 'Brake Pads', 1, 25.00),
    (444, 83, 'Tire Set', 2, 50.00),
    (445, 83, 'Battery', 1, 70.00),
    (446, 84, 'Brake Rotors', 1, 30.00),
    (447, 84, 'Exhaust System', 1, 150.00),
    (448, 85, 'Motor Oil', 1, 10.00),
    (449, 85, 'Oil Filter', 1, 5.00),
    (450, 85, 'Transmission Fluid', 1, 15.00),
    (451, 86, 'Battery', 1, 70.00),
    (452, 86, 'Brake Pads', 1, 25.00),
    (453, 86, 'Tire Set', 2, 50.00),
    (454, 86, 'Battery', 1, 70.00),
    (455, 87, 'Brake Rotors', 1, 30.00),
    (456, 87, 'Exhaust System', 1, 150.00),
    (457, 87, 'Motor Oil', 1, 10.00),
    (458, 88, 'Oil Filter', 1, 5.00),
    (459, 88, 'Transmission Fluid', 1, 15.00),
    (460, 88, 'Battery', 1, 70.00),
    (461, 89, 'Brake Pads', 1, 25.00),
    (462, 89, 'Tire Set', 2, 50.00),
    (463, 89, 'Battery', 1, 70.00),
    (464, 90, 'Brake Rotors', 1, 30.00),
    (465, 90, 'Exhaust System', 1, 150.00),
    (466, 91, 'Motor Oil', 1, 10.00),
    (467, 91, 'Oil Filter', 1, 5.00),
    (468, 91, 'Transmission Fluid', 1, 15.00),
    (469, 92, 'Battery', 1, 70.00),
    (470, 92, 'Brake Pads', 1, 25.00),
    (471, 92, 'Tire Set', 2, 50.00),
    (472, 92, 'Battery', 1, 70.00),
    (473, 93, 'Brake Rotors', 1, 30.00),
    (474, 93, 'Exhaust System', 1, 150.00),
    (475, 93, 'Motor Oil', 1, 10.00),
    (476, 94, 'Oil Filter', 1, 5.00),
    (477, 94, 'Transmission Fluid', 1, 15.00),
    (478, 94, 'Battery', 1, 70.00),
    (479, 95, 'Brake Pads', 1, 25.00),
    (480, 95, 'Tire Set', 2, 50.00),
    (481, 95, 'Battery', 1, 70.00),
    (482, 96, 'Brake Rotors', 1, 30.00),
    (483, 96, 'Exhaust System', 1, 150.00),
    (484, 97, 'Motor Oil', 1, 10.00),
    (485, 97, 'Oil Filter', 1, 5.00),
    (486, 97, 'Transmission Fluid', 1, 15.00),
    (487, 98, 'Battery', 1, 70.00),
    (488, 98, 'Brake Pads', 1, 25.00),
    (489, 98, 'Tire Set', 2, 50.00),
    (490, 98, 'Battery', 1, 70.00),
    (491, 99, 'Brake Rotors', 1, 30.00),
    (492, 99, 'Exhaust System', 1, 150.00),
    (493, 99, 'Motor Oil', 1, 10.00),
    (494, 100, 'Oil Filter', 1, 5.00),
    (495, 100, 'Transmission Fluid', 1, 15.00),
    (496, 100, 'Battery', 1, 70.00),
    (497, 101, 'Brake Pads', 1, 25.00),
    (498, 101, 'Tire Set', 2, 50.00),
    (499, 101, 'Battery', 1, 70.00),
    (500, 102, 'Brake Rotors', 1, 30.00),
    (501, 102, 'Exhaust System', 1, 150.00),
    (502, 102, 'Motor Oil', 1, 10.00),
    (503, 103, 'Oil Filter', 1, 5.00),
    (504, 103, 'Transmission Fluid', 1, 15.00),
    (505, 103, 'Battery', 1, 70.00),
    (506, 104, 'Brake Pads', 1, 25.00),
    (507, 104, 'Tire Set', 2, 50.00),
    (508, 104, 'Battery', 1, 70.00);